{"tid":186627324,"publishdate":"1974-01-25","title":"Section 357A in The Code of Criminal Procedure, 1973","doc":"<h2 class=\"doc_title\">Section 357A in The Code of Criminal Procedure, 1973</h2>\n\n<section class=\"akn-section\" id=\"section_357A\"><h3>357A. [ Victim compensation scheme. <span class=\"akn-remark\" data-status=\"editorial\">[Inserted by the Code of Criminal Procedure (Amendment) Act, 2008 (5 of 2009), Section 28.]</span>\n</h3>\n<section class=\"akn-subsection\" id=\"section_357A.1\"><span class=\"akn-num\"><a href=\"/doc/141461077/\">(1)</a></span><span class=\"akn-content\"><span class=\"akn-p\">Every State Government in co-ordination with the Central Government shall prepare a scheme for providing funds for the purpose of compensation to the victim or his dependents who have suffered loss or injury as a result of the crime and who require rehabilitation.</span></span></section><section class=\"akn-subsection\" id=\"section_357A.2\"><span class=\"akn-num\"><a href=\"/doc/129267973/\">(2)</a></span><span class=\"akn-content\"><span class=\"akn-p\">Whenever a recommendation is mae by the Court for compensation, the District Legal Service Authority or the State Legal Service Authority, as the case may be, shall decide the quantum of compensation to be awarded under the scheme referred to in sub-Section(1).</span></span></section><section class=\"akn-subsection\" id=\"section_357A.3\"><span class=\"akn-num\"><a href=\"/doc/179078105/\">(3)</a></span><span class=\"akn-content\"><span class=\"akn-p\">If the trial Court, at the conclusion of the trial, is satisfied, that the compensation awarded under Section 357 is not adequate for such rehabilitation, or where the cases end in acquittal or discharge and the victim has to be rehabilitated, it may make recommendation for compensation.</span></span></section><section class=\"akn-subsection\" id=\"section_357A.4\"><span class=\"akn-num\"><a href=\"/doc/168011698/\">(4)</a></span><span class=\"akn-content\"><span class=\"akn-p\">Where the offender is not traced or identified, but the victim is identified, and where no trial takes place, the victim or his dependents may make an application to the State or the District Legal Services Authority for award of compensation.</span></span></section><section class=\"akn-subsection\" id=\"section_357A.5\"><span class=\"akn-num\"><a href=\"/doc/182468947/\">(5)</a></span><span class=\"akn-content\"><span class=\"akn-p\">On receipt of such recommendations or on the application under sub-Section (4), the State or the District Legal Services Authority shall, after due enquiry award adequate compensation by completing the enquiry within two months.</span></span></section><section class=\"akn-subsection\" id=\"section_357A.6\"><span class=\"akn-num\"><a href=\"/doc/28584755/\">(6)</a></span><span class=\"akn-content\"><span class=\"akn-p\">The State or the District Legal Services Authority, as the case may be, to alleviate the suffering of the victim, may order for immediate first-aid facility or medical benefits to be made available free of cost on the certificate of the police officer not below the rank of the officer-in-charge of the police station or a Magistrate of the area concerned, or any other interim relief as the appropriate authority deems fit.] <span class=\"akn-remark\" data-status=\"editorial\">[Inserted by the Code of Criminal Procedure (Amendment) Act, 2008 (5 of 2009), Section 25 (a).]</span></span><span class=\"akn-p\">[357B. Compensation to be in addition to fine [under section 326A, section 376AB, section 376D, section 376DA and section 376DB of the Indian Penal Code]. - The compensation payable by the State Government under section 357A shall be in addition to the payment of fine to the victim [under section 326A, section 376AB, section 376D, section 376DA and section 376DB of the Indian Penal Code] <span class=\"akn-remark\" data-status=\"editorial\">[Substituted 'under section 326A or section 376D of the Indian Penal Code.' by Criminal Law (Amendment) Act, 2018 (22 of 2018), dated  11.8.2018.]</span>]</span><span class=\"akn-p\">[357C. Treatment of victims. -  All hospitals, public or private, whether run by the Central Government, the State Government, local bodies or any other person, shall immediately, provide the first-aid or medical treatment, free of cost, to the victims of any offence covered under section 326A, 376, [376A, 376AB, 376B, 376C, 376D, 376DA, 376DB] or section 376E of the Indian Penal Code, and shall immediately inform the police of such incident.]</span></span></section></section>","numcites":0,"numcitedby":921,"docid":186627324,"docsource":"Union of India - Section","covers":[{"tid":445276,"title":"Entire Act"}],"citetid":158101963,"divtype":"akoma-ntoso","relatedqs":[{"value":"376d","formInput":"376d"},{"value":"sec 326a","formInput":"sec%20326a"},{"value":"326a","formInput":"326a"},{"value":"376DB","formInput":"376DB"},{"value":"section 376AB","formInput":"section%20376AB"},{"value":"357A","formInput":"357A"},{"value":"section 376da","formInput":"section%20376da"},{"value":"Legal services","formInput":"Legal%20services"},{"value":"rehabilitation ","formInput":"rehabilitation%20"},{"value":"legal services authority","formInput":"legal%20services%20authority"}],"courtcopy":false,"query_alert":null,"agreement":false}