position,docid,date,court,title
1,249821,2005-09-23,Allahabad High Court,"Om Prakash Son Of Mansa Ram (In Jail) vs State Of U.P. on 23 September, 2005"
2,81364192,2021-03-19,Madras High Court,"Dhanapal vs State Rep By on 19 March, 2021"
3,137685626,2023-01-06,Allahabad High Court,"Afjal Ansari vs State Of U.P. And Anothers on 6 January, 2023"
4,126131719,2024-07-29,Allahabad High Court,"Afjal Ansari vs State Of U.P. on 29 July, 2024"
5,18496444,2024-03-19,Allahabad High Court,"Kamlesh Pathak vs State Of U.P. on 19 March, 2024"
6,56214256,2023-10-10,Allahabad High Court,"Omendra Yadav @ Mishra vs State Of U.P. on 10 October, 2023"
7,65665310,2022-11-24,Telangana High Court,"Avidi Hara Gopal, E.G.Dist. vs P.P., Hyd on 24 November, 2022"
8,153016701,2016-07-12,Allahabad High Court,"Jabir & Others vs State Of U.P. on 12 July, 2016"
9,871062,2005-08-05,Supreme Court of India,"Jacob Mathew vs State Of Punjab & Anr on 5 August, 2005"
10,1684706,1985-03-12,Supreme Court of India,"Pratibha Rani vs Suraj Kumar & Anr on 12 March, 1985"
11,117903,1978-12-13,Supreme Court of India,"Kamlapati Trivedi vs State Of West Bengal on 13 December, 1978"
12,80997184,2016-05-13,Supreme Court - Daily Orders,"Subramanian Swamy vs Union Of India, Min. Of <b>Law</b>. on 13 May, 2016"
13,554725,1997-10-14,Supreme Court of India,"State Of Punjab & Ors vs Inder Singh & Ors. Etc on 14 October, 1997"
14,798291,1968-10-18,Allahabad High Court,"Rishi Kesh Singh And Ors. vs The State on 18 October, 1968"
15,514389,1992-04-10,Supreme Court of India,"Mulakh Raj Etc vs Satish Kumar And Others on 10 April, 1992"
16,171380049,1996-05-01,Supreme Court of India,"Common Cause A Registered Society ... vs Union Of India (Uoi) And Ors. on 1 May, 1996"
17,186897564,2014-06-30,Supreme Court of India,"H.C.Kulwant Singh & Ors vs Hc Daya Ram & Ors on 30 June, 2014"
18,192877,2011-04-05,Supreme Court of India,"Rekha vs State Of T.Nadu Tr.Sec.To Govt.& Anr on 5 April, 2011"
19,1180843,1997-10-03,Supreme Court of India,"State Of Punjab And Ors. vs Inder Singh And Ors. on 3 October, 1997"
20,1892438,1992-04-21,Supreme Court of India,"Rajinder Singh & Kada vs State Of Punjab on 21 April, 1992"
21,151222872,2011-04-06,Kerala High Court,"Subash M. Varghese vs State Of Kerala Represented By The on 6 April, 2011"
22,155311894,2012-10-16,Punjab-Haryana High Court,"Smt. Deeksha Puri vs State Of Haryana on 16 October, 2012"
23,262034,1991-03-14,Supreme Court of India,"K.Nagamalleshwara Rao And Ors vs State Of Andhra Pradesh on 14 March, 1991"
24,132594236,2017-05-05,Gujarat High Court,"Vinod @ Vijay Bhagubhai Patel vs State Of Gujarat & on 5 May, 2017"
25,190560,1993-01-20,Supreme Court of India,"Jarnail Singh And Anr. Etc vs State Of Haryana on 20 January, 1993"
26,31235415,2019-06-03,Bombay High Court,"Mohd. Kasim Mohd Hasim Shaikh vs The State Of Maharashtra And Anr on 3 June, 2019"
27,20882475,2017-05-31,Allahabad High Court,"Smt. Pooja Pal vs State Of U.P. And 2 Others on 31 May, 2017"
28,728407,1996-05-01,Supreme Court of India,"""Common Cause"" A Registeredsociety ... vs Union Of India And Ors on 1 May, 1996"
29,43073718,2017-07-03,Delhi High Court,"Virbhadra Singh & Anr vs Enforcement Directorate & Anr on 3 July, 2017"
30,1792776,1991-08-21,Supreme Court of India,"State Of U.P vs Kapil Deo And Another on 21 August, 1991"
31,303355,1992-10-15,Supreme Court of India,"Mullagiri Vajram And Ors vs State Of Andhra Pradesh on 15 October, 1992"
32,187125455,2019-05-15,Allahabad High Court,"State Of U.P. vs Mohd. Furkan And Another on 15 May, 2019"
33,175370425,2015-08-26,Allahabad High Court,"Saurabh Mishra And Another vs State Of U.P. on 26 August, 2015"
34,105773925,2022-09-21,Allahabad High Court,"State Of U.P. vs Mukhtar Ansari on 21 September, 2022"
35,23037729,2018-08-21,Patna High Court,"Hemant Kumar Das & Anr vs State Of Bihar & Anr on 21 August, 2018"
36,36429614,2012-02-03,Allahabad High Court,"Atique Ahmed vs State Of U.P. on 3 February, 2012"
37,22983676,2020-04-22,Allahabad High Court,"Nishu @ Brijesh Dixit And 2 Others vs State Of U.P. on 22 April, 2020"
38,96676493,2012-10-19,Allahabad High Court,"Ashok Kumar And Another vs State Of U.P. on 19 October, 2012"
39,453517,1972-10-24,Orissa High Court,"Mrs. Yulitha Hyde And Ors. vs State Of Orissa And Ors. on 24 October, 1972"
40,139716905,2021-03-19,Allahabad High Court,"State Of U.P. vs Dheeraj Kumar Ojha on 19 March, 2021"
41,118623292,2014-07-25,Allahabad High Court,"Radhey Shyam Parcha vs Union Of India And 4 Others on 25 July, 2014"
42,49993,1887-09-15,Allahabad High Court,"Queen-Empress vs Wazir Jan on 15 September, 1887"
43,267826,2006-05-23,Allahabad High Court,"Smt. Alka Rai W/O Late Krishna Nand Rai ... vs Union Of India (Uoi) Through Secretary, ... on 23 May, 2006"
44,173380923,2017-09-06,Rajasthan High Court - Jodhpur,"Baldev Gora vs State & Anr on 6 September, 2017"
45,613450,2007-09-21,Allahabad High Court,"Rajan @ Kalia Ranjan S/O Ramanujam And ... vs State Of U.P. on 21 September, 2007"
46,16811542,2015-07-17,Allahabad High Court,"Hoshiyar Singh vs State Of U.P. on 17 July, 2015"
47,107372231,2014-07-22,Patna High Court - Orders,"Binod Paswan @ Navin Ji vs The State Of Bihar & Ors on 22 July, 2014"
48,5894068,2013-11-29,Karnataka High Court,"Sri B S Yeddyurappa vs Sri Sirajin Basha on 29 November, 2013"
49,56624229,2023-06-01,Punjab-Haryana High Court,"Navdeep Kaur vs State Of Punjab And Others on 1 June, 2023"
50,60772109,2020-09-18,Gujarat High Court,"Haidarsha Abdulsha Pir Through His Son ... vs State Of Gujarat on 18 September, 2020"
51,507732,1994-01-13,Bombay High Court,"State Of Maharashtra And Etc. vs Laljit Tejshi Shah And Others, Etc. on 13 January, 1994"
52,133280611,2013-11-06,Gauhati High Court,"Navendra Kumar vs The Union Of India & Ors on 6 November, 2013"
53,144044605,2010-10-07,Allahabad High Court,"Shekhar Tewari S/O Krishna Kumar Tiwari vs State Of U.P. Thru Principal Secretary ... on 7 October, 2010"
54,106302410,2015-05-25,Delhi High Court,"Anil Kumar vs Gnct Of Delhi on 25 May, 2015"
55,179524954,2023-02-22,Allahabad High Court,"Parvez Parwaz And Another vs State Of U.P. And Another on 22 February, 2023"
56,197567896,2019-12-10,Allahabad High Court,"Abhai Nath Chaubey vs State Of U.P. And Another on 10 December, 2019"
57,121336002,2011-08-25,Jammu & Kashmir High Court - Srinagar Bench,"Syed Asiya Andrabi vs State And Others. After Being ... on 25 August, 2011"
58,65629033,2022-06-13,Allahabad High Court,"Mokhtar Ansari vs State Of U.P. on 13 June, 2022"
59,187634235,2019-09-23,Allahabad High Court,"Abdul Khaliq And 6 Others vs State Of U.P. on 23 September, 2019"
60,132317175,2013-05-13,Allahabad High Court,"Girish & 7 Others vs State Of U.P. on 13 May, 2013"
61,197235615,2022-11-15,Allahabad High Court,"Awdhesh Yadav vs State Of U.P.Through Secretary ... on 15 November, 2022"
62,136796469,2015-07-01,Allahabad High Court,"Meraj And Another vs State Of U.P. on 1 July, 2015"
63,1690952,2010-04-21,Madras High Court,"P.Ramakrishnan vs State Rep. By on 21 April, 2010"
64,606301,1970-08-28,Madras High Court,"K.M. Sundaram, Executive Committee ... vs Inspector-General Of Police And Ors. on 28 August, 1970"
65,91168543,2016-03-09,Allahabad High Court,"Dablu Rai Alias Dilip Rai vs State Of U.P. Thru Secy. And 3 Others on 9 March, 2016"
66,1443771,1959-02-02,Punjab-Haryana High Court,"Madhu Limaye vs The State on 2 February, 1959"
67,88028841,2011-12-21,Madras High Court,"Ganesan vs State Rep.By on 21 December, 2011"
68,12230081,2018-10-08,Rajasthan High Court - Jodhpur,"Vishal Goyal vs State Of Rajasthan on 8 October, 2018"
69,839309,2005-12-22,Lok Sabha Debates,"Motion For Consideration Of The <b>Criminal</b> <b>Law</b> (Amendment) Bill, 2005, As Passed By ... on 22 December, 2005"
70,52811189,2021-01-19,Andhra Pradesh High Court - Amravati,"Chekka Guru Murali Mohan vs The State Of Andhra Pradesh on 19 January, 2021"
71,38474020,2021-09-02,Andhra Pradesh High Court - Amravati,"Sri Tanuja Potluri Sritanuja.N vs The State Of Andhra Pradesh on 2 September, 2021"
72,60560993,2013-08-30,Allahabad High Court,"Sonu Verma vs State Of U.P. & Others on 30 August, 2013"
73,136350123,2018-03-30,Allahabad High Court,"Haji Akhlakh vs Union Of India And 5 Others on 30 March, 2018"
74,156162562,2022-03-04,Allahabad High Court,"Ramswaroop @ Chotaka vs State Of U.P. on 4 March, 2022"
75,118128479,1800-01-01,Law Commission Report,237Th Report On Compounding Of (<b>Ipc</b>) Offences
76,53736187,2019-06-03,Bombay High Court,"Mohd. Salim Mohd. Kudus Ansari vs The State Of Maharashtra And Anr on 3 June, 2019"
77,8416012,2019-06-03,Bombay High Court,"Vijay Jadhav vs The State Of Maharashtra And Anr on 3 June, 2019"
78,20963509,2019-02-20,Tripura High Court,"Detenu vs The State Of Tripura on 20 February, 2019"
79,188648740,2024-04-27,Allahabad High Court,"Dhananjay Singh And Another vs State Of Up on 27 April, 2024"
80,66628972,2024-05-24,Allahabad High Court,"Dhruvjeet Singh vs State Of U.P. on 24 May, 2024"
81,97032733,2017-07-12,Rajasthan High Court - Jodhpur,"Chaina Ram vs State & Anr on 12 July, 2017"
82,17259181,2019-03-11,Madras High Court,"K.Murugesan vs The State Represented By on 11 March, 2019"
83,179682789,2012-09-26,Delhi High Court,"Ankit Gulati vs Uoi & Anr. on 26 September, 2012"
84,191071576,2025-04-10,Allahabad High Court,"Usman Ali vs State Of U.P. And 12 Others on 10 April, 2025"
85,50971723,2025-03-04,Allahabad High Court,"Kapil Kasana vs Union Of Indi A And 8 Others on 4 March, 2025"
86,195686679,2024-09-26,Allahabad High Court,"Sheel Prakash Gupta vs State Of U.P. Thru. Prin. Secy. Home Lko. ... on 26 September, 2024"
87,148318087,2023-05-30,Allahabad High Court,"Rahul vs State Of U.P. on 30 May, 2023"
88,195743245,2018-06-21,Madras High Court,"Kavitha Velmurugan vs The Secretary To Government Of Tamil ... on 21 June, 2018"
89,93044271,2019-08-26,Patna High Court,"Mithilesh Kumar Singh vs The State Of Bihar, Through Principal ... on 26 August, 2019"
90,87509746,2019-08-26,Patna High Court,"Mithilesh Kumar Singh vs The State Of Bihar Throught Principal ... on 26 August, 2019"
91,101490786,2019-08-26,Patna High Court,"Mithilesh Kumar Singh vs The State Of Bihar, Through Principal ... on 26 August, 2019"
92,114906668,2014-09-22,Meghalaya High Court,"Lasting G Momin vs The Union Of India And Ors on 22 September, 2014"
93,177373082,2015-07-28,Allahabad High Court,"Shiv Kumar Alias Mukhiya vs State Of U.P. And 3 Others on 28 July, 2015"
94,134030672,2014-10-13,Meghalaya High Court,"Shri Tangman N Sangma vs The Union Of India on 13 October, 2014"
95,128055153,2024-10-15,Allahabad High Court,"Sukhiya Devi And 2 Others vs State Of U.P. And Another on 15 October, 2024"
96,130669974,2023-08-21,Allahabad High Court,"Puchchoo Singh vs State Of U.P. on 21 August, 2023"
97,27753940,2022-07-19,Allahabad High Court,"Mukhtar Ansari vs State Of U.P. Thru. Prin. Secy. Home Lko. on 19 July, 2022"
98,110831031,2022-05-19,Allahabad High Court,"Azeem vs State Of U.P. on 19 May, 2022"
99,16859998,2015-08-21,Allahabad High Court,"Mohd. Sagir vs Union Of India Thru Secy. And 6 Others on 21 August, 2015"
100,6732908,2023-03-02,Allahabad High Court,"Mohd. Ashraf @ Khalid Azeem vs State Of U.P. on 2 March, 2023"
101,152905958,2023-01-18,Allahabad High Court,"State Of U.P. vs Mukhtar Ansari S/O Subhan Ullah Ansari on 18 January, 2023"
102,184700208,2023-01-06,Allahabad High Court,"Mokhtar Ansari vs State Of U.P. on 6 January, 2023"
103,144057829,2018-09-19,Allahabad High Court,"Yogesh Verma vs Supritendent,Meerut And 3 Others on 19 September, 2018"
104,41590673,2016-03-04,Allahabad High Court,"Surya Pandey @ Kuldeep Pandey And ... vs State Of U.P. on 4 March, 2016"
105,179626317,2014-06-30,Supreme Court - Daily Orders,"H.C.Kulwant Singh vs Hc Daya Ram . on 30 June, 2014"
106,148233004,2024-06-07,Telangana High Court,"Fisal Dayyani, R.R.Dist. vs P.P., Hyd on 7 June, 2024"
107,48561751,2024-06-07,Telangana High Court,"Tayyab Basalama, Hyderabad., vs The State Of Telangana, Rep Pp., on 7 June, 2024"
108,2104490,2024-06-07,Telangana High Court,"Mohd. Parvez, R.R.Dt., vs The State Of Telangana, Rep Pp., on 7 June, 2024"
109,153316492,2024-06-07,Telangana High Court,"Mohd.Ibrahim, R.R.Dt., vs The State Of Telangana, Rep Pp., on 7 June, 2024"
110,89860082,2024-06-07,Telangana High Court,"Syed Anwar vs State Of Telangana, on 7 June, 2024"
111,105967476,2024-06-07,Telangana High Court,"Khaja Ahmed vs State Of Telangana on 7 June, 2024"
112,64782513,2024-06-07,Telangana High Court,"Khadar Barakba, R.R.Dt., vs State Of Telangana, Rep Pp And Anr., on 7 June, 2024"
113,131292924,2025-02-18,Allahabad High Court,"Satish And 4 Others vs State Of U.P. And Another on 18 February, 2025"
114,38116544,2023-12-15,Allahabad High Court,"Shyam Babu Rajbhar vs State Of U.P. on 15 December, 2023"
115,4190847,2024-04-27,Allahabad High Court,"State Of U.P. vs Anwar Alam And Others on 27 April, 2024"
116,22922077,2023-11-24,Allahabad High Court,"Bhure vs State Of U.P. on 24 November, 2023"
117,7330729,2023-07-26,Allahabad High Court,"Ravindra Yadav vs State Of U.P. on 26 July, 2023"
118,79806124,2023-04-12,Gujarat High Court,"Rakesh Parasnath Thakur Through ... vs State Of Gujarat on 12 April, 2023"
119,115266881,2023-04-19,Gujarat High Court,"Pravinbhai Rambhai Khoiwal Through ... vs District Magistrate on 19 April, 2023"
120,128144758,2023-04-19,Gujarat High Court,"Pritiben Manubhai Chaudhari vs District Magistrate on 19 April, 2023"
121,184949924,2023-04-19,Gujarat High Court,"Anasbhai Habibbhai Pathan vs State Of Gujarat on 19 April, 2023"
122,135494747,2023-04-21,Gujarat High Court,"Shankarlal Sohanlal Sharma vs State Of Gujarat on 21 April, 2023"
123,193615101,2023-04-19,Gujarat High Court,"Silkesh Dinesh Khatik vs District Magistrate on 19 April, 2023"
124,162591447,2023-03-28,Allahabad High Court,"Manoj Gupta @ Manoj Kumar Gupta vs State Of U.P. And Another on 28 March, 2023"
125,59011270,2023-04-21,Gujarat High Court,"Bherulal Sohanlal Khatik vs District Magistrate on 21 April, 2023"
126,181118395,2023-04-25,Gujarat High Court,"Shyamlal Vaktavarji Suyal vs State Of Gujarat on 25 April, 2023"
127,197780217,2023-07-21,Gujarat High Court,"Kundan Dineshbhai Mishra vs State Of Gujarat on 21 July, 2023"
128,151405674,2023-04-19,Gujarat High Court,"Dinesh Bansilal Khatik vs District Magistrate on 19 April, 2023"
129,126041093,2023-05-03,Gujarat High Court,"Dhirenbhai Viththalbhai Raval vs State Of Gujarat on 3 May, 2023"
130,128809306,2023-04-19,Gujarat High Court,"Mehulkumar Bhagvatilal Sharma vs State Of Gujarat on 19 April, 2023"
131,76693612,2023-04-21,Gujarat High Court,"Arvindbhai Uttamsing Rajput vs State Of Gujarat on 21 April, 2023"
132,149402692,2023-07-21,Gujarat High Court,"Sonu Maheshchandra Agarwal vs State Of Gujarat on 21 July, 2023"
133,23402923,2023-04-13,Gujarat High Court,"Mukeshbhai Mangilal Khatik vs State Of Gujarat on 13 April, 2023"
134,109559256,2023-03-28,Allahabad High Court,"Manoj Gupta @ Manoj Kumar Gupta vs State Of U.P. And Another on 28 March, 2023"
135,111317768,2023-04-19,Gujarat High Court,"Sunilkumar Bhagvatilal Sharma vs State Of Gujarat on 19 April, 2023"
136,170153569,2019-03-06,Allahabad High Court,"Deshraj And Another vs State Of U.P. on 6 March, 2019"
137,117700307,2015-12-21,Allahabad High Court,"Shyam Lal Yadav vs Union Of India Thru Secy. And 3 Others on 21 December, 2015"
138,191242315,2016-01-07,Andhra HC (Pre-Telangana),"Chitikesi Shoba Rani W/O Chitikesi ... vs State Of Telangana.,Rep. By Its ... on 7 January, 2016"
139,1183835,1934-12-03,Calcutta High Court,"Emperor vs Bhawani Prosad Bhattacharjee And Ors. on 3 December, 1934"
140,169895044,2024-02-05,Allahabad High Court,"Devendra Kumar vs State Of U.P. on 5 February, 2024"
141,26328302,2024-01-24,Allahabad High Court,"Nazmul S/O Noor Hasan vs Commissioner Lucknow Division Lucknow ... on 24 January, 2024"
142,189421417,2025-02-07,Allahabad High Court,"Surendra Sharma vs State Of U.P. And Another on 7 February, 2025"
143,77617534,2025-02-07,Allahabad High Court,"Mohd. Shahid vs State Of U.P. And Another on 7 February, 2025"
144,182298608,2024-10-03,Allahabad High Court,"Shailendra Kumar Rai vs State Of U.P. And 3 Others on 3 October, 2024"
145,12428077,2024-07-16,Delhi High Court - Orders,"Baby vs State (Nct Of Delhi) & Anr on 16 July, 2024"
146,182781500,2024-07-09,Allahabad High Court,"Vikrant Rajbhar @ Vikki vs State Of U.P. on 9 July, 2024"
147,8630170,2024-04-02,Allahabad High Court,"Bhola @ Iqbal vs State Of U.P. on 2 April, 2024"
148,146751780,2023-08-03,Allahabad High Court,"State Of U.P. vs Vijay Kumar Mishra on 3 August, 2023"
149,80273445,2023-10-04,Madras High Court,"G.Ramakrishnan vs The Deputy Director Of Mines Safety on 4 October, 2023"
150,46054430,2023-10-05,Allahabad High Court,"Shiv Prasad Soni @ Manav And3 Ors. vs State Of U.P. on 5 October, 2023"
151,178789100,2023-03-03,Allahabad High Court,"Guddu Hasan vs State Of U.P. And Another on 3 March, 2023"
152,168150727,2022-09-21,Madras High Court,"Manivannan vs State Represented By on 21 September, 2022"
153,189825118,2019-02-15,Allahabad High Court,"Jai Ram Harijan vs State Of U.P. on 15 February, 2019"
154,45262021,2018-06-21,Andhra HC (Pre-Telangana),"K. Samba Murthy And Two Others vs The State Of Andhra Pradesh Rep. By Its ... on 21 June, 2018"
155,71872584,2019-08-01,Allahabad High Court,"Shyam Babu vs State Of U.P. And Another on 1 August, 2019"
156,112368361,2019-08-13,Allahabad High Court,"Sartaj vs State Of U.P. on 13 August, 2019"
157,77790841,2018-06-21,Telangana High Court,"K.Sambamurthy And And 2 Others vs The State Of A.P., And Another on 21 June, 2018"
158,122759427,2019-10-17,Allahabad High Court,"Smt. Malti Singh vs State Of U.P. & Anr. on 17 October, 2019"
159,87411089,2020-03-06,Allahabad High Court,"Ravindra Kumar Yadav vs State Of U.P. on 6 March, 2020"
160,191754199,2019-12-06,Allahabad High Court,"Bhupendra Pal Singh vs State Of U.P. And 4 Others on 6 December, 2019"
161,179062434,2019-08-13,Allahabad High Court,"Salim vs State Of U.P. on 13 August, 2019"
162,10915385,2019-04-05,Allahabad High Court,"Adab @ Ifran vs State Of U.P. And 02 Others on 5 April, 2019"
163,109042516,2012-06-02,Jammu & Kashmir High Court - Srinagar Bench,"Masarat Alam vs Union Of India on 2 June, 2012"
164,177424474,2015-07-06,Allahabad High Court,"Saurabh Verma Alias Shailendra Verma vs The State Of U.P. on 6 July, 2015"
165,166721497,2015-10-07,Allahabad High Court,"Arun @ Alli @ Arun Kumar Arya vs District Magistrate, G.B. Nagar And 4 ... on 7 October, 2015"
166,1295782,1969-02-25,Delhi High Court,"Jai Narain And Ors. vs State on 25 February, 1969"
167,22035465,2024-05-06,Allahabad High Court,"State Of U.P. vs Ashutosh Sharma Alias Rana And 4 Others on 6 May, 2024"
168,140465492,2024-02-05,Allahabad High Court,"Kamlesh Bhartiya @ Gunda Pasi vs State Of U.P. And 3 Others on 5 February, 2024"
169,31431093,2024-04-25,Allahabad High Court,"Ajai Rai And 4 Others vs State Of Up And Another on 25 April, 2024"
170,22198195,2023-03-02,Allahabad High Court,"Vikrant Rajbhar @ Vikki vs State Of U.P. on 2 March, 2023"
171,95714608,2021-01-05,Allahabad High Court,"Altamas vs State Of U.P.And Anothers on 5 January, 2021"
172,167337891,2017-05-19,Allahabad High Court,"Ankit Tiwari vs Union Of India Thru' Home Thru' Secy. & 6 ... on 19 May, 2017"
173,1095026,1955-03-15,Gauhati High Court,"Ukakhasia Uchai Khasia vs Manipur State And Ors. on 15 March, 1955"
174,75308696,2022-09-06,Bombay High Court,"Bhalchandra Pandurang Madhvi And Ors vs The State Of Maharashtra on 6 September, 2022"
175,125214682,2017-09-12,Allahabad High Court,"Raoraja vs State Of U.P. on 12 September, 2017"
176,148722634,2024-03-11,Jammu & Kashmir High Court,"Ashiq Hussain Sheikh vs Government Of J&K Through on 11 March, 2024"
177,59231611,2023-12-18,Allahabad High Court,"Teekam Singh vs State Of U.P. on 18 December, 2023"
178,42059748,2023-12-18,Allahabad High Court,"Naresh vs State Of U.P. on 18 December, 2023"
179,39000692,2022-04-28,Madras High Court,"P.Kanthan vs The State Represented By on 28 April, 2022"
180,162471933,2021-10-22,Jharkhand High Court,"Jhari Rana vs The State Of Jharkhand on 22 October, 2021"
181,109702157,2022-03-24,Karnataka High Court,"Smt. Raj Rajeshwari vs State Of Karnataka on 24 March, 2022"
182,48385689,2019-11-06,Madras High Court,"M. Tamilarasu vs The State Rep.By on 6 November, 2019"
183,175187942,2015-09-03,Allahabad High Court,"Laxmi Prasad vs State Of U.P. on 3 September, 2015"
184,39807244,2015-09-11,Allahabad High Court,"Sanjay Singh vs Union Of India And 4 Others on 11 September, 2015"
185,52594998,2015-05-08,Allahabad High Court,"Ravi vs State Of U.P. & Another on 8 May, 2015"
186,106569250,2015-11-03,Allahabad High Court,"Shyam Gupta vs State Of U.P. on 3 November, 2015"
187,27464855,2023-12-30,Jammu & Kashmir High Court,"Mudassir Hussain vs The Union Territory Of Jammu on 30 December, 2023"
188,188372723,2023-06-09,Uttarakhand High Court,"Sonu @ Anees And Others .....Applicants vs State Of Uttarakhand And Another on 9 June, 2023"
189,117706289,2017-10-25,Madras High Court,"Dhanabal Ebenesar vs State Rep. By on 25 October, 2017"
190,13794739,2017-10-25,Madras High Court,"Dhanabal Ebenesar vs State Rep. By on 25 October, 2017"
191,58135593,1800-01-01,Law Commission Report,Offences Against The National Security
192,81881475,2016-02-29,Central Information Commission,"Mrvivek Garg vs Gnctd on 29 February, 2016"
193,130885543,2016-02-29,Central Information Commission,"Mrvivek Garg vs Gnctd on 29 February, 2016"
194,84766490,2016-02-29,Central Information Commission,"Mrvivek Garg vs Gnctd on 29 February, 2016"
195,71724550,2011-03-08,Delhi District Court,"Sc No.83­06 (State vs Safique @ Rahul & Ors.) on 8 March, 2011"
196,186313557,2022-08-01,Delhi District Court,"Laxmi Devi vs State (Government Of Nct Of Delhi) on 1 August, 2022"
197,162692058,2015-08-24,Delhi District Court,"State vs . (1). Ashish @ Kali @ Amar on 24 August, 2015"
198,98190347,2015-07-13,Delhi District Court,"State vs . Subhash on 13 July, 2015"
199,13133377,2015-05-30,Delhi District Court,"State vs . Mithun Kumar on 30 May, 2015"
200,48870686,2015-08-05,Delhi District Court,"State vs . Manoj on 5 August, 2015"
201,166118090,2015-10-30,Delhi District Court,"State vs . Khush Mohd. on 30 October, 2015"
202,129764349,2018-09-13,Delhi District Court,"St. vs . Mohd. Abid on 13 September, 2018"
203,1412034,1974-01-25,Union of India - Section,"Section 173 in The <b>Code</b> of <b>Criminal</b> Procedure, 1973"
204,10239019,2013-11-12,Supreme Court of India,"Lalita Kumari vs Govt.Of U.P.& Ors on 12 November, 2013"
205,1353689,1988-04-29,Supreme Court of India,"A.R. Antulay vs R.S. Nayak & Anr on 29 April, 1988"
206,1786180,1953-05-22,Supreme Court of India,"Rao Shiv Bahadur Singh And Another vs The State Of Vindhya Pradesh on 22 May, 1953"
207,158101963,1974-01-25,Union of India - Section,"Section 357A in The <b>Code</b> of <b>Criminal</b> Procedure, 1973"
208,1134316,1974-01-25,Union of India - Section,"Section 327 in The <b>Code</b> of <b>Criminal</b> Procedure, 1973"
209,1716282,1979-02-20,Supreme Court of India,"M. Karunanidhi vs Union Of India on 20 February, 1979"
210,290765,1991-07-10,Supreme Court of India,"Ashok Kumar Alias Golu vs Union Of India And Ors on 10 July, 1991"
211,447378,2003-11-24,Supreme Court of India,"R. Sai Bharathi vs J. Jayalalitha & Ors on 24 November, 2003"
212,165099707,1976-04-28,Supreme Court of India,"Additional District Magistrate, ... vs Shivakant Shukla on 28 April, 1976"
213,174283964,2012-11-20,Supreme Court of India,"Sangeet & Anr vs State Of Haryana on 20 November, 2012"
214,1837051,1972-10-03,Supreme Court of India,"Jagmohan Singh vs The State Of U. P on 3 October, 1972"
215,78252061,2019-04-09,Supreme Court of India,"Mahendra Prasad Mehta vs The State Of Bihar on 9 April, 2019"
216,1675377,2009-07-27,Supreme Court of India,"Bhaskar Lal Sharma & Anr vs Monica on 27 July, 2009"
217,1103956,2004-05-26,Supreme Court of India,"Sakshi vs Union Of India on 26 May, 2004"
218,1365975,2008-03-12,Bombay High Court,"Abasaheb Yadav Honmane And Ashwini ... vs The State Of Maharashtra on 12 March, 2008"
219,156646913,2019-04-22,Delhi High Court,"Sh. Yashpal Chaudhrani & Ors. vs State (Govt. Of Nct Delhi) & Anr. on 22 April, 2019"
220,129162686,2019-07-01,Supreme Court of India,"Pradeep Ram vs The State Of Jharkhand on 1 July, 2019"
221,176121529,2012-04-09,Delhi High Court,"Gunjan Sinha Jain vs Registrar General,High Court Of Delhi on 9 April, 2012"
222,96356448,2004-05-26,Supreme Court of India,"Sakshi vs Union Of India (Uoi) And Ors. on 26 May, 2004"
223,101785181,2017-10-09,Supreme Court of India,"State (Nct Of Delhi) vs Brijesh Singh @ Arun Kumar on 9 October, 2017"
224,53898239,2018-09-20,Madras High Court,"Jeevanandham vs State Rep.By on 20 September, 2018"
225,1062271,2002-03-21,Allahabad High Court,"Mohammad Suleman vs State Of U.P. And Ors. on 21 March, 2002"
226,592091,1920-07-13,Calcutta High Court,"Satis Chandra Ckakrabarti vs Ram Dayal De on 13 July, 1920"
227,920448,2011-07-05,Supreme Court of India,"Nandini Sundar & Ors vs State Of Chattisgarh on 5 July, 2011"
228,1897035,1964-03-06,Supreme Court of India,"Sunil Kumar Paul vs State Of West Bengal on 6 March, 1964"
229,56753603,2021-09-09,Madhya Pradesh High Court,"Irfan vs The State Of Madhya Pradesh on 9 September, 2021"
230,26846768,2010-08-11,Delhi High Court,"Court On Its Own Motion vs State V. Gurnek Singh Etc. on 11 August, 2010"
231,1604750,1991-08-28,Supreme Court of India,"Soni Devrajbhai Babubhai vs State Of Gujarat And Ors on 28 August, 1991"
232,150516236,2015-06-22,Himachal Pradesh High Court,"Dharam Pal And Another vs State Of H.P on 22 June, 2015"
233,10741160,2020-08-25,Allahabad High Court,"Ghanshyam Gupta vs State Of U.P. on 25 August, 2020"
234,185460802,2020-01-02,Allahabad High Court,"State Of U.P. vs Kamlesh @ Guddu Mishra And 3 Ors. on 2 January, 2020"
235,81618143,2018-09-14,Supreme Court of India,"Social Action Forum vs Union Of India And Ors. Minstry <b>Law</b> And ... on 14 September, 2018"
236,156788340,2019-12-18,Supreme Court of India,"Khaja Bilal Ahmed vs The State Of Telangana on 18 December, 2019"
237,141379817,2019-02-13,Punjab-Haryana High Court,"Mahipal Singh And Others vs State Of Haryana And Others on 13 February, 2019"
238,189686285,2022-05-30,Allahabad High Court,"Pawan Kumar Pandey @ Bablu And Others vs State Of U.P. on 30 May, 2022"
239,78420676,2018-06-27,Telangana High Court,"Mohammad Riyaz vs The State Of Telangana on 27 June, 2018"
240,9371474,2015-04-28,Andhra HC (Pre-Telangana),"S.Naveen Kumar @ Naveen vs The State Of Telangana,Rep. By Public ... on 28 April, 2015"
241,2803750,2014-05-26,Delhi High Court,"Ms. Nidhi Kaushik vs Union Of India & Ors. on 26 May, 2014"
242,26266533,2016-12-09,Delhi High Court,"Gaya Prasad Pal @ Mukesh vs State on 9 December, 2016"
243,596791,1965-11-19,Bombay High Court,"Miss Kamalini Manmade vs Union Of India (Uoi) on 19 November, 1965"
244,715278,2001-08-18,Andhra HC (Pre-Telangana),"C.V. Ratnam vs Union Of India And Ors. on 18 August, 2001"
245,1331899,1999-02-26,Allahabad High Court,"Chandresh Paswan vs State Of U.P. And Ors. on 26 February, 1999"
246,130880712,2014-07-24,Jharkhand High Court,"Santu Mahto vs The State Of Jharkhand on 24 July, 2014"
247,69680209,2020-06-30,Kerala High Court,"B. Radhakrishna Menon vs State Of Kerala on 30 June, 2020"
248,1845678,1991-06-13,Madras High Court,"G.S.R. Krishnamurthi vs M. Govindaswamy, Income-Tax Officer on 13 June, 1991"
249,112177078,2010-08-05,Patna High Court,"State Of Bihar vs Lathi Singh @ Sujeet Singh & Ors on 5 August, 2010"
250,4603902,2010-07-26,Delhi High Court,"Vikram Sharma & Ors. vs Union Of India & Ors. on 26 July, 2010"
251,322263,1986-01-30,Delhi High Court,"Inder Raj Malik And Ors. vs Sunita Malik on 30 January, 1986"
252,139703066,2021-04-01,Madhya Pradesh High Court,"Manish Gupta vs The State Of Madhya Pradesh on 1 April, 2021"
253,1082316,1980-01-18,Gujarat High Court,"Shalibhadra Shah And Ors. vs Swami Krishna Bharati And Anr. on 18 January, 1980"
254,143911787,2022-05-13,Supreme Court of India,"Meena Devi vs The State Of Uttar Pradesh on 13 May, 2022"
255,378895,1968-11-12,Supreme Court of India,"Akhtar Alam vs The State Of Bihar on 12 November, 1968"
256,1659002,1978-09-15,Supreme Court of India,"M. A. Kochu Devassy Etc vs State Of Kerala on 15 September, 1978"
257,821514,1958-09-11,Supreme Court of India,"Bhajahari Mondal vs The State Of West Bengal on 11 September, 1958"
258,367154,2007-02-28,Bombay High Court,"Maharaja Developers And Anr. vs Udaysingh Pratapsinghrao Bhonsle And ... on 28 February, 2007"
259,1946566,1992-11-12,Bombay High Court,"Hanmant Janardhan Patil vs The State Of Maharashtra on 12 November, 1992"
260,338846,1922-12-23,Bombay High Court,"Gopal Naidu And Anr. vs King-Emperor on 23 December, 1922"
261,932834,1992-07-10,Allahabad High Court,"Wazir Yadav vs The State Of U.P. And Ors. on 10 July, 1992"
262,670047,1988-04-19,Madhya Pradesh High Court,"Girjashankar And Ors. vs State Of Madhya Pradesh on 19 April, 1988"
263,64121571,2016-08-26,Chattisgarh High Court,"Bhushan Singh Rathiya vs State Of Chhattisgarh on 26 August, 2016"
264,164570337,2012-03-05,Delhi High Court,"State vs Anwar Hussain on 5 March, 2012"
265,861870,2007-08-20,Rajasthan High Court - Jaipur,"Shah Rukh Khan vs State Of Rajasthan And Ors. on 20 August, 2007"
266,116695311,2014-09-16,Punjab-Haryana High Court,"Harmeet Paul Singh And Anr vs State Of Punjab And Anr on 16 September, 2014"
267,1508460,2009-12-19,Bombay High Court,"Central Bureau Of Investigation vs Shri Sham B. Bhatia & Ors on 19 December, 2009"
268,1111032,1960-05-25,Calcutta High Court,"Sethia Properties, A Dissolved Firm vs T.R. Bhavnani And Ors. on 25 May, 1960"
269,366613,1957-07-27,Bombay High Court,"Major E.G. Barsay And Ors. vs The State on 27 July, 1957"
270,110003,1942-11-12,Allahabad High Court,"Salig Ram vs Emperor on 12 November, 1942"
271,57286631,2022-07-15,Allahabad High Court,"Vishal Singh @ Pitarsan @ Vishal Kumar ... vs State Of Up And Another on 15 July, 2022"
272,167822498,2015-08-12,Himachal Pradesh High Court,"State Of Himachal Pradesh vs Jatinder Kumar Son Of Shri Purshotam ... on 12 August, 2015"
273,920238,2007-01-19,Andhra HC (Pre-Telangana),"Kura Rajaiah @ K. Rajanna @ K.R. And Ors. vs Government Of Andhra Pradesh Rep. By Its ... on 19 January, 2007"
274,908882,1973-03-20,Madras High Court,"<b>Indian</b> Express (Madurai) Private Ltd. ... vs Chief Presidency Magistrate And Ors. on 20 March, 1973"
275,1290535,1955-09-21,Andhra HC (Pre-Telangana),"Akki Veeraiah vs State (Inspector, Special Police ... on 21 September, 1955"
276,70663573,2022-07-22,Allahabad High Court,"Dabeer And 9 Others vs State Of U.P. And Another on 22 July, 2022"
277,157312886,2014-10-09,Andhra HC (Pre-Telangana),"Nallajerla Murali Krishna @ Murali vs The State Of Telangana, Through Public ... on 9 October, 2014"
278,62680757,2014-02-20,Madras High Court,"Kumar @ Selvakumar vs State By on 20 February, 2014"
279,69164470,2012-11-07,Allahabad High Court,"Pappu @ Avanish vs State Of U.P. on 7 November, 2012"
280,300597,1912-01-02,Madras High Court,"The Public Prosecutor vs Mushunooru Suryanarayana Moorty on 2 January, 1912"
281,121014321,2018-11-27,Allahabad High Court,"Rajkumar Agrawal @ Raju Garg vs State Of U.P. And Another on 27 November, 2018"
282,107270237,2017-12-01,Allahabad High Court,"Sanju Yadav Alias Sanjay vs State Of U.P. And Another on 1 December, 2017"
283,17234162,2016-02-22,Allahabad High Court,"Atul Gupta vs State Of U.P. And 3 Others on 22 February, 2016"
284,251921,2000-03-07,Allahabad High Court,"Sushil Singh Alias Sushil Kumar Singh vs District Magistrate And Ors. on 7 March, 2000"
285,1019938,1987-08-20,Madhya Pradesh High Court,"Sunderlal Shivana vs State Of Madhya Pradesh on 20 August, 1987"
286,148614,1928-11-27,Madras High Court,"Elavarthi Peddabba Reddi vs Iyyala Varada Reddi on 27 November, 1928"
287,89851793,2020-02-07,Allahabad High Court,"State Of U.P. vs Sharafat And 2 Ors. on 7 February, 2020"
288,16284023,2020-02-07,Allahabad High Court,"State Of U.P. vs Devendra Singh And 6 Ors. on 7 February, 2020"
289,38063220,2017-11-17,Calcutta High Court (Appellete Side),"Rajiv Jajodia & Anr vs The State Of West Bengal & ... on 17 November, 2017"
290,18181132,2010-12-23,Allahabad High Court,"Surendra Nath Mishra & Another vs State Of U.P. & Others on 23 December, 2010"
291,1394609,2005-04-25,Allahabad High Court,"Anurag Tripathi Son Of Late Ravi Shankar ... vs State Of U.P. And Station Officer on 25 April, 2005"
292,108025237,2009-11-05,Delhi High Court,"Narayani Gautam & Ors. vs State on 5 November, 2009"
293,1708223,1999-01-25,Madras High Court,"P. Nallammal And Ors. vs State on 25 January, 1999"
294,647700,2004-01-13,Delhi High Court,"Narendra Kumar And Ors. vs State And Ors. on 13 January, 2004"
295,123796451,2018-11-28,Delhi High Court,"Shambir & Ors vs State on 28 November, 2018"
296,101170837,2011-07-28,Madras High Court,"R.Thamaraiselvan vs Government Of Tamil Nadu on 28 July, 2011"
297,168383354,2014-09-19,Andhra HC (Pre-Telangana),"Miriyala Divya & 5 Others vs Govt. Of A.P. Rep. By Public Prosecutor ... on 19 September, 2014"
298,78770,2004-09-22,Calcutta High Court,"Bimal Kumar Kundu And Sudip Ghosh vs State Of West Bengal on 22 September, 2004"
299,129687598,2019-01-15,Punjab-Haryana High Court,"Amit Kumar vs Joginder Singh And Anr on 15 January, 2019"
300,91010006,2019-08-02,Allahabad High Court,"Gyanendra Singh @ Raja Singh vs State Of U.P. on 2 August, 2019"
301,240690,2000-10-03,Kerala High Court,"Abdulla Koya vs State Of Kerala on 3 October, 2000"
302,100904188,2022-01-18,Jharkhand High Court,"Vinit Agarwal Alias Vineet Agarwal vs Union Of India Through The National ... on 18 January, 2022"
303,154529962,2016-03-09,Patna High Court,"Man Singh Jhagharia & Anr vs The State Of Bihar & Ors on 9 March, 2016"
304,22936409,2016-03-09,Patna High Court,"Mr. L. Murali Krishna vs The State Of Bihar & Ors on 9 March, 2016"
305,180082019,2022-10-17,Allahabad High Court,"Sanjeev @ Kallu Sethiya vs State Of U.P. on 17 October, 2022"
306,43163615,2020-01-07,Punjab-Haryana High Court,"Sarika vs State Of Haryana And Ors on 7 January, 2020"
307,32726683,2016-03-17,Punjab-Haryana High Court,"Tejinder Singh @ Teja vs State Of Punjab on 17 March, 2016"
308,139167,2004-03-18,Andhra HC (Pre-Telangana),"J. Papa Rao vs Government Of Andhra Pradesh And Ors. on 18 March, 2004"
309,1220179,2004-01-30,Madras High Court,"V.S.Ramasubramaniam vs The State Of Tamil Nadu on 30 January, 2004"
310,26225303,2021-07-09,Allahabad High Court,"Mohd. Anees & Anr. vs State Of U.P. Thru. Prin. Secy. ... on 9 July, 2021"
311,16705171,2018-03-30,Allahabad High Court,"Imran @ Tendu vs Adhikshak, Janpad Karagaar, Muzaffar ... on 30 March, 2018"
312,57855801,2011-02-11,Calcutta High Court (Appellete Side),"Haladhar Sasmal & Ors vs The State Of West Bengal & Anr on 11 February, 2011"
313,58502812,2015-04-16,Delhi High Court,"State vs Brijesh Singh @ Arun Kumar & Anr. on 16 April, 2015"
314,1178220,2006-08-24,Karnataka High Court,"Shimbu Imports And Exports (Private) ... vs Avinash Subramanyam And Anr. on 24 August, 2006"
315,125360,1987-07-01,Jammu & Kashmir High Court,"Lt. Col. H.N. Tripathi vs State on 1 July, 1987"
316,1372032,1984-12-21,Bombay High Court,"Mohan Mallu Rathod And Ors. vs State Of Maharashtra on 21 December, 1984"
317,1550614,1981-02-13,Madras High Court,"C.V. Ranganathan vs Union Of India And Ors. on 13 February, 1981"
318,622871,1977-01-25,Kerala High Court,"M.A. Kochudevassy And Ors. vs The State Of Kerala on 25 January, 1977"
319,174704349,2023-04-10,Delhi High Court,"Karan Antil vs High Court Of Delhi & Ors. on 10 April, 2023"
320,107419062,2021-12-14,Allahabad High Court,"Rajesh Alias Bachchan Yadav vs State Of U.P. on 14 December, 2021"
321,194711504,2019-02-28,Madras High Court,"Jambu @ Jambukeswaran vs State Rep. By on 28 February, 2019"
322,50285555,2022-04-26,Allahabad High Court,"Parvendra Kumar vs Union Of India And 3 Others on 26 April, 2022"
323,132382475,2021-10-29,Chattisgarh High Court,"Kailash Sonkar vs State Of Chhattisgarh on 29 October, 2021"
324,59633467,2021-11-10,Karnataka High Court,"Santhosh Chinnappa Reddy vs State Of Karnataka on 10 November, 2021"
325,134432843,2017-04-05,Bombay High Court,"K. N. Krishnamurthy vs The State Of Maharashtra And Anr on 5 April, 2017"
326,195322653,2016-04-07,Madras High Court,"Sudhir Khanna vs The State on 7 April, 2016"
327,169664864,2015-01-13,Supreme Court - Daily Orders,"State Of U.P. vs Om Prakash on 13 January, 2015"
328,251414,1997-11-14,Andhra HC (Pre-Telangana),"C. Balakrishna vs State Of Andhra Pradesh And Others on 14 November, 1997"
329,1498176,1912-01-02,Madras High Court,"Emperor vs Mushnooru Suryanarayana Murthy on 2 January, 1912"
330,29362990,2019-12-19,Allahabad High Court,"Prem Narayan @ Prem Verma ... vs Union Of India Throu.Secy.Ministry Of ... on 19 December, 2019"
331,13358957,2018-12-21,Allahabad High Court,"Pramod Yadav vs State Of U.P. on 21 December, 2018"
332,150672696,2017-02-23,Bombay High Court,"Shrinath Gangadhar Giram vs The State Of Maharashtra on 23 February, 2017"
333,25634612,2012-10-30,Punjab-Haryana High Court,"Darshna Devi vs State Of Punjab And Others on 30 October, 2012"
334,79228001,2016-05-18,Allahabad High Court,"Sanchit Gupta vs State Of U.P. Thru Secy. And 2 Others on 18 May, 2016"
335,169504992,2015-07-06,Allahabad High Court,"Vraj Pal Singh vs State Of U.P. & Another on 6 July, 2015"
336,60799050,2011-05-12,Punjab-Haryana High Court,"Sarwan Lal And Others vs State Of Punjab And Another on 12 May, 2011"
337,190568597,2012-03-30,Allahabad High Court,"Satish Kumar And Othes vs State Of U.P. And Others on 30 March, 2012"
338,123285573,2016-03-17,Patna High Court,"Chandra Kishore Kumar vs The State Of Bihar & Ors on 17 March, 2016"
339,16618620,2022-09-12,Delhi High Court,"Mayank Garg vs Delhi High Court Through Its Registrar ... on 12 September, 2022"
340,134796021,2022-11-17,Allahabad High Court,"Jaswant Kumar And Ors. vs State Of U.P. on 17 November, 2022"
341,103700827,2009-10-21,Delhi High Court,"Raj Kumar Bansal & Ors vs State & Anr on 21 October, 2009"
342,198506207,2017-10-25,Andhra HC (Pre-Telangana),"Rajulapati Ankababu, S/O.Madhava Rao vs Counsel For The on 25 October, 2017"
343,49092977,2016-05-27,Delhi High Court,"Simran @ Meena Khan vs State on 27 May, 2016"
344,193932164,2017-09-20,Allahabad High Court,"Haneef And (2) Others. vs The State Of U.P. on 20 September, 2017"
345,68235190,2020-02-04,Allahabad High Court,"Suhel Ahmad vs State Of U.P. And Another on 4 February, 2020"
346,80679465,2019-11-22,Allahabad High Court,"Dilip And Others vs State Of U.P. on 22 November, 2019"
347,22159603,2017-08-03,Bombay High Court,"Prashant Sureshrao Suryawanshi And Anr vs The State Of Maharashtra And Anr on 3 August, 2017"
348,15029920,2017-08-03,Bombay High Court,"Yogiraj Dattatraya Deshpande And Ors vs The State Of Maharashtra And Anr on 3 August, 2017"
349,53763911,2017-08-03,Bombay High Court,"Prashan Sureshrao Suryawanshi And Anr vs The State Of Maharashtra And Anr on 3 August, 2017"
350,58348910,2020-12-18,Allahabad High Court,"Ramu vs State Of U.P. on 18 December, 2020"
351,45158246,2014-08-20,Madras High Court,"Suresh vs The State Of Tamil Nadu on 20 August, 2014"
352,104367933,2014-08-01,Delhi High Court,"Rahul Dev vs State & Anr. on 1 August, 2014"
353,193221518,2018-11-19,Bangalore District Court,"State By Yeshwanthapura Police vs Nos.1 A1: Kiran Naik on 19 November, 2018"
354,104643630,2021-07-09,Bombay High Court,"Sanjay Hariram Agarwal vs The State Of Maharashtra on 9 July, 2021"
355,122485194,2016-09-14,Patna High Court,"Narendra Singh vs The State Of Bihar on 14 September, 2016"
356,37464227,2022-06-23,Karnataka High Court,"Ghayur Ahmad Jamali vs State Of Karnataka on 23 June, 2022"
357,27432110,2018-09-20,Madras High Court,"Jeevanandham vs State Rep.By on 20 September, 2018"
358,50200246,2015-04-08,Allahabad High Court,"Udaibhan Karwariya vs State Of U.P. And 3 Others on 8 April, 2015"
359,9587716,2012-07-19,Gauhati High Court,"Rajendra Prasad Hansaria vs Praveen Jain on 19 July, 2012"
360,852991,2010-10-29,Kerala High Court,"Dr.Sathy M.Pillai vs Sarma on 29 October, 2010"
361,133031388,2023-04-21,Allahabad High Court,"Nitesh Kumar Singh vs State Of U.P. And Another on 21 April, 2023"
362,59972287,2010-10-22,Allahabad High Court,"Smt. Alka Rai Ex. M.L.A. vs Miss Mayawati The Hon'Ble Chief ... on 22 October, 2010"
363,197379909,2022-07-20,Jharkhand High Court,"Dr. Om Prakash Anand vs The State Of Jharkhand on 20 July, 2022"
364,74014727,2018-07-16,Bombay High Court,"Ashok S/O Dhondiba Kale vs The State Of Maharashtra And Others on 16 July, 2018"
365,58821273,2019-07-04,Madras High Court,"Murugaiahpandian vs State Through The Inspector Of Police on 4 July, 2019"
366,786317,1990-12-21,Rajasthan High Court - Jaipur,"Joginder Singh vs The State Of Rajasthan on 21 December, 1990"
367,35654105,1800-01-01,Law Commission Report,"Report No. 262 On ""The Death Penalty"""
368,169526701,2014-03-22,Delhi District Court,"State vs . Satpal Singh Etc. on 22 March, 2014"
369,167411458,2011-05-12,Delhi District Court,"State vs . 1. Ram Prasad S/O Mam Chand, on 12 May, 2011"
370,23740010,2007-11-22,Delhi District Court,"State vs . Omkar Parmar Etc. on 22 November, 2007"
371,173333132,2025-04-15,Supreme Court of India,"Pinki vs The State Of Uttar Pradesh on 15 April, 2025"
372,45193494,2024-02-22,Supreme Court of India,"Naresh Kumar vs State Of Haryana on 22 February, 2024"
373,54101820,1800-01-01,Madras High Court,Thiru N.Ram vs Union Of India
374,94691889,2024-07-26,Allahabad High Court,"Nikki Devi vs State Of U.P. And Another on 26 July, 2024"
375,109290426,2025-02-05,Gujarat High Court,"Sobharajsinh Madhavsinh Sindha vs State Of Gujarat on 5 February, 2025"
376,120054455,2016-03-09,Patna High Court,"Niraj Bhuwania vs The State Of Bihar & Ors on 9 March, 2016"
377,81131726,2016-03-09,Patna High Court,"Azad Transport Company Pvt. Ltd & Ors vs The State Of Bihar Through Com on 9 March, 2016"
378,155328414,2016-03-09,Patna High Court,"Azad Transport Company Pvt. Ltd & Ors vs The State Of Bihar Through ... on 9 March, 2016"
379,164506364,2016-03-09,Patna High Court,"Azad Transport Company Pvt. Ltd & Ors vs The State Of Bihar Through ... on 9 March, 2016"
380,152029618,1800-01-01,Madras High Court,Thiru N.Ram vs Union Of India
381,182529252,2024-12-13,Allahabad High Court,"Smt. Rashmi Sundrani vs State Of U.P. And Another on 13 December, 2024"
382,180845458,2014-09-04,Supreme Court - Daily Orders,"State Of Nct Of Delhi vs Sanjay on 4 September, 2014"
383,114003035,2011-07-28,Madras High Court,"R.Thamaraiselvan vs Government Of Tamil Nadu on 28 July, 2011"
384,157358790,2011-07-28,Madras High Court,"R.Thamaraiselvan vs Government Of Tamil Nadu on 28 July, 2011"
385,173840873,2024-11-11,Allahabad High Court,"Dharmendra Kumar vs State Of U.P. on 11 November, 2024"
386,116451507,2023-07-06,Telangana High Court,"Vyjayanti Vasanta Mogli Alias M.Vijay ... vs The State Of Telangana And 5 Others on 6 July, 2023"
387,116348744,2023-07-06,Telangana High Court,"V. Vasanta Mogli vs State Of Telangana on 6 July, 2023"
388,74959568,2023-07-06,Telangana High Court,"Kmv Monalisa vs The State Of Telangana on 6 July, 2023"
389,165044578,2022-09-16,Delhi High Court,"Wahid Ahmed vs State Of Nct Of Delhi & Ors. on 16 September, 2022"
390,86114349,2025-02-25,Allahabad High Court,"Arvind Yadav And Another vs State Of U.P. on 25 February, 2025"
391,193730116,2024-03-07,Calcutta High Court (Appellete Side),"M/S. Gurudayal Gangabux (Pvt.) Ltd. & ... vs The State Of West Bengal & Anr on 7 March, 2024"
392,181533957,2024-09-04,Delhi High Court,"X vs State on 4 September, 2024"
393,134432562,2023-12-19,Delhi High Court,"Uravashi Fakay vs State Of Nct Of Delhi on 19 December, 2023"
394,88060878,2023-12-19,Delhi High Court,"Sunil Fakay vs State Of Nct Of Delhi on 19 December, 2023"
395,161067371,2021-09-02,Andhra Pradesh High Court - Amravati,"Sri Nannapaneni Seetharama Raju, vs State Of Andhra Pradesh on 2 September, 2021"
396,134582121,2021-07-16,Madras High Court,"For Appellant Mr. R. Muniyapparaj vs Sundar (A.1) on 16 July, 2021"
397,109840236,2019-06-07,Delhi High Court,"Lokesh vs State on 7 June, 2019"
398,50213502,2019-02-14,Allahabad High Court,"Sangam Pasi And 2 Othrs. vs State Of U.P. on 14 February, 2019"
399,97849222,2018-07-24,Madras High Court,"B.Salma Mahajabeen vs The Government Of Tamil Nadu on 24 July, 2018"
400,177720370,2016-09-14,Patna High Court,"Suman Thakur @ Mritunjay Suman & Anr vs The State Of Bihar on 14 September, 2016"
401,80271995,2014-04-29,Delhi High Court,"Rama Shankar & Ors. vs State on 29 April, 2014"
402,153859580,2016-09-29,Allahabad High Court,"Shamsad Ali vs State Of U.P. on 29 September, 2016"
403,106451,2007-12-06,Madras High Court,"C. Muniappan And Ors. vs State Rep. By Its Addl. Superintendent ... on 6 December, 2007"
404,1176228,1948-04-21,Madras High Court,"In Re: Major F.K. Mistry vs Unknown on 21 April, 1948"
405,40843727,1800-01-01,Madras High Court,Samimul Islam vs State Represented By
406,4204268,1800-01-01,Madras High Court,Sri Raja vs State Represented By
407,196338716,2024-06-04,Allahabad High Court,"Abhishek Yadav @ Laloo vs State Of Up on 4 June, 2024"
408,172632167,2024-09-19,Delhi High Court,"Amandeep Gill & Anr vs The State Govt Of Nct Of Delhi on 19 September, 2024"
409,168554884,2024-05-23,Allahabad High Court,"Anoop Srivastava 10 Others vs State Of U.P. And 3 Others on 23 May, 2024"
410,128620121,2024-07-19,Uttarakhand High Court,"Dr. Kirti Bhushan Mishra vs State Of Uttarakhand And Another on 19 July, 2024"
411,108778439,2024-04-08,Allahabad High Court,"Brijpal Singh vs State Of U.P. And Another on 8 April, 2024"
412,93048531,2025-02-25,Allahabad High Court,"Satish Singh vs State Of U.P. on 25 February, 2025"
413,136522789,2024-12-16,Allahabad High Court,"Ramakant Yadav vs State Of Up on 16 December, 2024"
414,186328883,2023-12-06,Allahabad High Court,"Sanjeev Gupta vs State Of U.P. And Anr. on 6 December, 2023"
415,35680407,2024-09-26,Allahabad High Court,"Arun Kumar Mourya vs State Of U.P. Thru. Prin. Secy. Home ... on 26 September, 2024"
416,187133845,2023-08-03,Allahabad High Court,"Mohd. Muslim vs State Of U.P. And Another on 3 August, 2023"
417,13244574,2023-07-31,Delhi High Court,"Santokh Singh Chawla vs State Nct Of Delhi on 31 July, 2023"
418,192343125,2022-10-20,Allahabad High Court,"John Augustine vs Sanjay Kumar Singh, Assistant ... on 20 October, 2022"
419,144360348,2023-02-03,Allahabad High Court,"Saud Akhtar And Another vs Union Of India And 6 Others on 3 February, 2023"
420,27942020,2022-05-06,Jharkhand High Court,"Navinbhai Jayantibhai Patel vs Union Of India Through Nia on 6 May, 2022"
421,39511418,2022-08-02,Jharkhand High Court,"M/S Santosh Construction vs Union Of India Through National ... on 2 August, 2022"
422,120907089,2021-11-25,Karnataka High Court,"Sri Guruswamy vs State Of Karnataka on 25 November, 2021"
423,77061305,2021-12-21,Allahabad High Court,"Prateek Shukla vs State Of U.P. And 2 Others on 21 December, 2021"
424,16775414,2020-11-17,Karnataka High Court,"Shyamraj Singh vs State Of Karnataka By on 17 November, 2020"
425,151537869,2018-07-24,Madras High Court,"B.Salma Mahajabeen vs The Government Of Tamil Nadu on 24 July, 2018"
426,186122197,2016-11-25,Madras High Court,"Ravi @ Ravichandran vs State Represented By on 25 November, 2016"
427,71690187,2011-09-13,Rajasthan High Court - Jaipur,"Smt Monica And Anr vs State on 13 September, 2011"
428,11477320,2011-08-26,Allahabad High Court,"Vinod B. Lal vs State Of U.P. & Another on 26 August, 2011"
429,256589,1922-12-22,Madras High Court,"In Re: Gopal Naidu And Anr. vs Unknown on 22 December, 1922"
430,113067646,2025-03-11,Allahabad High Court,"Smt. Bitoli Giri @ Bitola Giri @ Vitoli ... vs State Of U.P. Thru. Secy. Home Deptt. ... on 11 March, 2025"
431,165095889,2025-01-28,Allahabad High Court,"Raktima Banerjee vs State Of U.P. Thru. Its Addl. Chief Secy. ... on 28 January, 2025"
432,127247950,2025-01-02,Allahabad High Court,"Pankaj Yadav @ Prem Prakash Yadav And ... vs State Of U.P. Thru. Secy. Deptt. Of Home ... on 2 January, 2025"
433,75075801,2025-02-12,Allahabad High Court,"Aminul @ Animul @ Aminul Khan vs State Of U.P. Thru. Its Addl. Chief Secy. ... on 12 February, 2025"
434,191727977,2025-03-11,Allahabad High Court,"Suman Giri vs State Of U.P. Thru. Its Secy. Home Deptt. ... on 11 March, 2025"
435,59195168,2024-08-29,Allahabad High Court,"Ravi Dev Singh @ Ravidev Yadav And ... vs The State Of U.P. Thru. Addl. Chief Secy. ... on 29 August, 2024"
436,49913649,2024-09-13,Allahabad High Court,"Ramsevak vs State Of U.P. Thru. Addl. Chief Secy. ... on 13 September, 2024"
437,157292558,2024-07-23,Allahabad High Court,"Arvind Singh vs State Of U.P. Thru. Secy. Home Civil ... on 23 July, 2024"
438,104826820,2024-10-04,Allahabad High Court,"Vimal Yadav vs The State Of U.P. Thru. Addl. Chief Secy. ... on 4 October, 2024"
439,74451900,2024-07-16,Allahabad High Court,"Ajay Gupta vs State Of U.P. Thru. Prin. Secy. Home ... on 16 July, 2024"
440,131409568,2024-10-01,Allahabad High Court,"Rukhsar Ahmad Shah vs State Of U.P. Thru. Prin. Secy. Deptt. Of ... on 1 October, 2024"
441,39909583,2024-09-25,Allahabad High Court,"Rukhsar Ahmad vs State Of U.P. Thru. Prin. Secy. Deptt. Of ... on 25 September, 2024"
442,77292000,2024-08-14,Allahabad High Court,"Zeba Zaheer vs State Of U.P. Thru. Addl. Chief ... on 14 August, 2024"
443,61426640,2024-09-06,Allahabad High Court,"Mohd. Javed vs State Of U.P. Thru. Prin. Secy. Home ... on 6 September, 2024"
444,20804127,2023-04-19,Allahabad High Court,"Sanjay Verma vs State Of U.P. And 3 Others on 19 April, 2023"
445,165898865,2022-08-11,Allahabad High Court,"Manoj Yadav vs State Of U.P. And 3 Others on 11 August, 2022"
446,150528494,2011-02-25,Calcutta High Court (Appellete Side),"Rabindra Nath Bera vs The State Of West Bengal & Anr on 25 February, 2011"
447,151861192,2012-02-02,Orissa High Court,"Bipin Bihari Panda & Anr vs Unknown on 2 February, 2012"
448,1198152,1997-12-02,Calcutta High Court,"Kamal Chatterjee vs The State Of West Bengal on 2 December, 1997"
449,6851,1977-01-25,Kerala High Court,"M.A. Kochudevassy And Ors. vs The State Of Kerala on 25 January, 1977"
450,18853268,1800-01-01,Madras High Court,Abdul Khader vs K.Pechiammal
